id,result_file,information_level,record_type,evidence_tier,headline,independence_group,manuscript_use
1,AEI_VAT_SCHEMA_AUDIT_RESULT_V1.json,infrastructure,audit,N,AEI/VAT predictor schema audit; no ecological outcome inference.,AEI/VAT predictor construction,omit; provenance only
2,ANTARCTIC_BREEDING_OPTIONS_ATLAS_GATE1_RESULT_V1.json,static_place,data_gate,N,2-km breeding-option atlas passed coverage and variation gate before demographic outcomes.,Paper2 static-place predictor construction,methods/provenance
3,ANTARCTIC_BREEDING_OPTIONS_HIERARCHY_RESULT_V1.json,static_place,predictor_selection,N,Tier-2 richness retained as primary heterogeneity trait; redundant alternatives demoted before outcomes.,Paper2 static-place predictor construction,methods/provenance
4,ANTARCTIC_TERRAIN_ATLAS_GATE1D_A_RESULT_V1.json,static_place,data_gate,N,"Terrain atlas passed coverage; relief retained, absolute elevation kept contextual.",Paper2 static-place predictor construction,methods/provenance
5,CONCENTRATION_DOMINANCE_DESCRIPTIVE_SUMMARY_V1.json,within_island_configuration,exploratory_descriptor,B,Palmer concentration occurred by dominance turnover whereas Signy retained and strengthened its initial core.,concentration route,supplement/context; not mechanism
6,CONTRACTION_SCALING_LAW_SYNTHESIS_V1.json,within_island_configuration,exploratory_descriptor,B,Five local trajectories all had positive abundance–E scaling; common descriptive kappa about 0.25.,contraction scaling,supplement/context
7,CONTRACTION_SCALING_RULES_EXPLORATION_SUMMARY_V1.json,within_island_configuration,bounded_exploration,B,"Smooth scaling beat fixed hinges, annual first-difference coupling was weak, and no simple predictor explained kappa.",contraction scaling,supplement; candidate rule only
8,EXPLORATORY_RESULT_V1.json,species_composition,exploratory_ecology,B,Apparent island morphology was largely compositional; within-Adelie island phenotype was weak and temporally reassembled.,Palmer phenotype,context/boundary
9,MAPPPD_MACRO_GEOGRAPHY_AUDIT_RESULT_V1.json,static_place,audit,N,Macro sample was broad but geographically uneven; species and geography partly confounded.,Paper2 static-place design,methods/limitation
10,MAPPPD_MACRO_INVENTORY_RESULT_V1.json,static_place,data_gate,N,MAPPPD contained 152 Pygoscelis candidate site×species trend units and 92 stricter units.,Paper2 static-place design,methods/sample size
11,MAPPPD_OBSERVATION_METHOD_AUDIT_RESULT_V1.json,static_place,audit,N,Observation vantage/accuracy heterogeneity audited before demographic modeling.,Paper2 observation model,methods/provenance
12,PALMER_BREEDING_PATCH_CONCENTRATION_RESULT_V1.json,within_island_configuration,discovery_robustness,B,All three stable-roster Palmer populations concentrated beyond proportional thinning under the full frozen count-error family.,Palmer concentration,discovery supporting main claim
13,PALMER_COLONY_NETWORK_EROSION_RESULT_V1.json,mechanism_trace,exploratory_association,B,Effective colony number showed a small positive next-year growth association beyond abundance and time; predictive framing was later downgraded.,Palmer N_eff association,secondary association
14,PALMER_EXTERNAL_SPATIAL_TRIANGULATION_RESULT_V1.json,within_island_configuration,independent_triangulation,B,"Independent Torgersen mapping showed strong habitat-structured footprint loss, converging at phenomenon level but not identifier level.",Torgersen spatial triangulation,context/triangulation
15,PALMER_HIERARCHICAL_VARIABILITY_RESULT_V1.json,within_island_configuration,exploratory_hierarchy,B,"Most observed variability reduction occurred within islands rather than among islands, but biological buffering was not yet identified.",Palmer variability hierarchy,secondary pattern
16,PALMER_HIERARCHY_COMPONENT_COUNT_AUDIT_RESULT_V1.json,within_island_configuration,robustness_audit,B,Post-hoc diagnostics showed the hierarchy was not explained solely by comparing more lower-level units.,Palmer variability hierarchy,robustness supplement
17,PALMER_HIERARCHY_COUNT_ERROR_NULL_RESULT_V1.json,within_island_configuration,informative_negative,C,Raw hierarchy exceeded Poisson/CV10 expectations but was compatible with the uncalibrated CV20 sensitivity; strong buffering claim fails.,Palmer variability hierarchy,claim boundary
18,PALMER_LARGE_BREEDING_GROUP_THRESHOLD_RESULT_V1.json,mechanism_trace,informative_negative,C,Fixed >50-pair group metrics improved prediction but coefficients reversed the preregistered protective direction.,Palmer group-size mechanism,negative mechanism result
19,PALMER_LTER_FIVE_ISLAND_SYNCHRONY_RESULT_V1.json,regional_direction,frozen_context,B,Five Palmer islands shared a dominant long-term decline component (PC1 96.4%) while annual growth synchrony was only moderate.,Palmer regional direction,"main context, not causal claim"
20,PALMER_MANUSCRIPT_FIGURE_PACKAGE_RESULT_V1.json,infrastructure,reproducibility,N,Manuscript figure package reproduced frozen numerical results.,reproducibility,omit; QA only
21,PALMER_MARK_RESIGHT_DATA_AUDIT_RESULT_V1.json,individual_process_limit,data_gate_stop,D,Public mark/resight sources lacked the band-to-later-breeding-site bridge required for direct retention/dispersal inference.,Palmer individual movement,data-limited stop
22,PALMER_NEFF_CIRCULAR_COUPLING_RESULT_V1.json,mechanism_trace,robustness,B,N_eff coefficient remained unusual under coupled circular-shift/count-error nulls; prediction remained unsupported.,Palmer N_eff association,robustness supplement
23,PALMER_NEFF_CIRCULAR_SHIFT_RESULT_V1.json,mechanism_trace,robustness,B,"Positive N_eff coefficient survived serial-structure-preserving circular-shift nulls, including exact covariance-preserving shifts.",Palmer N_eff association,robustness supplement
24,PALMER_NEFF_DEMOGRAPHIC_MOMENTUM_RESULT_V1.json,mechanism_trace,robustness,B,"N_eff association persisted after one- and two-year prior-growth controls, but incremental prediction became tiny.",Palmer N_eff association,secondary association
25,PALMER_NEFF_MECHANICAL_COUPLING_RESULT_V1.json,mechanism_trace,robustness,B,Shared current-year count error did not generate an observed-scale positive N_eff coefficient under frozen sensitivities.,Palmer N_eff association,robustness supplement
26,PALMER_NEFF_YEAR_BLOCK_PERMUTATION_RESULT_V1.json,mechanism_trace,informative_negative,C,Held-out predictive gain was null-compatible (p=0.262) although the conditional coefficient remained unusual; prediction claim rejected.,Palmer N_eff association,critical downgrade/boundary
27,PALMER_NETWORK_STAGE2_RESULT_V1.json,regional_direction,mixed_outcome_gate,B,Multi-island Adelie decline was estimable and replicated; synchronized multi-island composition reassembly was not estimable.,Palmer local network,context; composition lane also D
28,PALMER_PERFORMANCE_MEMORY_RESULT_V1.json,mechanism_trace,exploratory_mechanism,B,"Reproductive performance showed weak 1–2 year memory and added information beyond current state, consistent with layered local dynamics.",Palmer performance dynamics,exploratory mechanism trace
29,PALMER_PERFORMANCE_REDISTRIBUTION_LAGS_RESULT_V2.json,mechanism_trace,fixed_spec_validation,B,Bias-resistant lag-2 performance→redistribution association survived fixed specification after provenance repair; not fully preregistered.,Palmer performance redistribution,robust exploratory trace
30,PALMER_PHENOTYPE_REASSEMBLY_RESULT_V1.json,species_composition,exploratory_ecology,B,Species sorting plus year-specific within-species structure explained apparent island phenotype better than persistent island ecotypes.,Palmer phenotype,context/boundary
31,PALMER_REPRODUCTIVE_DENOMINATOR_AUDIT_RESULT_V1.json,mechanism_trace,informative_negative,C,Pooled colony-size/chick association was island-dependent; Palmer-wide Allee-like reproduction and pre-extinction collapse were not supported.,Palmer reproductive mechanism,negative mechanism boundary
32,PALMER_SEAICE_HABITAT_MECHANISM_RESULT_V1.json,regional_direction,frozen_negative,C,Preceding-year sea-ice duration and its habitat moderation failed the preregistered positive annual-growth mechanism.,Palmer regional forcing,bounded negative
33,PALMER_SEAICE_TIMESCALE_SEPARATION_RESULT_V1.json,regional_direction,frozen_negative,C,Predeclared 3/5/7-year sea-ice-duration rescue failed; simple low-frequency duration did not explain the shared decline.,Palmer regional forcing,bounded negative
34,PALMER_WEATHER_X_HABITAT_MECHANISM_RESULT_V2.json,regional_direction,frozen_negative,C,October snowfall×habitat interaction was opposite the preregistered direction and worsened held-out prediction.,Palmer local forcing,bounded negative
35,PALMER_WIN_STAY_LOSE_SWITCH_RESULT_V1.json,mechanism_trace,frozen_negative,C,Specific win-stay/lose-switch asymmetry failed; redistribution remained compatible with several broader dynamic processes.,Palmer movement mechanism,mechanism falsification
36,PAPER2_A_BUFFERING_SECONDARY_RESULT_V1.json,static_place,frozen_negative,C,All three simple area effects were negative but none survived preregistered species-specific Holm inference; buffering hypothesis unsupported.,Paper2 static-place rule,bounded negative
37,PAPER2_BREEDING_SEASON_AUDIT_RESULT_V1.json,static_place,audit,N,Season field and 1980–2025 window fixed before count magnitudes were opened.,Paper2 temporal design,methods/provenance
38,PAPER2_CROSS_SPECIES_GENERALITY_V4_RESULT_V1.json,static_place,recovery_gate,N,Synthetic recovery showed the cross-species median interaction estimand was recoverable before outcomes.,Paper2 inference validation,methods/provenance
39,PAPER2_DETECTABLE_EFFECT_RESULT_V1.json,static_place,scope_limiting_negative,C,"Observed non-confirmatory interaction does not exclude moderate effects, but common effects around |0.50–0.55| would usually have been detected.",Paper2 static-place rule,quantitative negative bound
40,PAPER2_FIRST_REAL_V3_FIT_RESULT_V1.json,static_place,intermediate_outcome,N,First real-count V3 point estimates were explicitly non-inferential pending frozen permutation testing.,Paper2 static-place rule,superseded intermediate result
41,PAPER2_FORCING_SCALE_SENSITIVITY_RESULT_V1.json,static_place,design_gate,N,Regional versus species-wide forcing sensitivity was fixed before outcomes.,Paper2 forcing design,methods/provenance
42,PAPER2_FORCING_SUPPORT_AUDIT_RESULT_V1.json,static_place,data_gate,N,Forcing support/coverage passed outcome-blind eligibility rules for all three species.,Paper2 forcing design,methods/provenance
43,PAPER2_H_MAIN_RECOVERY_V5_RESULT_V1.json,static_place,recovery_gate,N,Synthetic H-main recovery passed before real outcomes; terrain-R inference remained unopened.,Paper2 estimator validation,methods/provenance
44,PAPER2_INTEGRATED_HIERARCHICAL_RECOVERY_RESULT_V2.json,static_place,recovery_gate,N,Hierarchical estimator passed only under species-wide forcing; regional recovery failure constrained the final estimator before outcomes.,Paper2 estimator validation,methods/provenance
45,PAPER2_INTEGRATED_RECOVERY_RESULT_V1.json,static_place,preoutcome_gate_stop,D,Initial integrated estimator failed synthetic recovery before any real demographic magnitude was opened; triggered redesign rather than threshold relaxation.,Paper2 estimator validation,preoutcome stop/redesign
46,PAPER2_INTEGRATED_SENSITIVITY_SUPPORT_RESULT_V1.json,static_place,audit,N,Exclude-unknown remained testable for all species; ground-only was coverage-limited for Adelie before outcomes.,Paper2 observation robustness,methods/provenance
47,PAPER2_LATENT_FACTOR_RECOVERY_RESULT_V1.json,static_place,recovery_gate,N,Latent-factor scale recovery selected species-specific forcing scales before outcome access; observation layer still unopened.,Paper2 estimator validation,methods/provenance
48,PAPER2_OBSERVATION_OVERLAP_AUDIT_RESULT_V1.json,static_place,audit,N,Direct/image overlap and accuracy structure were audited outcome-blind to define the observation model.,Paper2 observation model,methods/provenance
49,PAPER2_OBSERVATION_RECOVERY_RESULT_V1.json,static_place,recovery_gate,N,Synthetic observation layer recovered the shared image offset and frozen accuracy structure before real outcomes.,Paper2 observation model,methods/provenance
50,PAPER2_OBSERVATION_TIMING_SENSITIVITY_RESULT_V1.json,static_place,robustness_of_negative,C,Exact-date/≤14-day calibration changed offsets modestly but not the interaction direction; primary permutation result remained non-confirmatory.,Paper2 static-place rule,robustness of negative
51,PAPER2_PREDICTOR_IDENTIFIABILITY_AUDIT_RESULT_V1.json,static_place,audit,N,A×H crossover design was full-rank/identifiable in all species before demographic outcomes.,Paper2 predictor design,methods/provenance
52,PAPER2_RADIUS_SIGN_SWITCH_NULL_RESULT_V1.json,static_place,informative_negative,C,Observed 2→5 km sign reversal was compatible with the joint radius null (p=0.081); biological scale-dependence claim prohibited.,Paper2 spatial-scale sensitivity,bounded negative
53,PAPER2_SCALE_TRAIT_SENSITIVITY_RESULT_V1.json,static_place,informative_negative,C,A×H interaction was not invariant to radius or diversity metric; primary pattern cannot be a general island-architecture law.,Paper2 static-place rule,claim boundary
54,PAPER2_SPATIAL_ADJUSTED_V3_RESULT_V1.json,static_place,recovery_gate,N,Spatially adjusted species-wide V3 estimator passed all frozen synthetic recovery checks before real outcomes.,Paper2 estimator validation,methods/provenance
55,PAPER2_TEMPORAL_OVERLAP_AUDIT_RESULT_V1.json,static_place,audit,N,Common 1980–2025 trend endpoint availability was established without opening demographic values.,Paper2 temporal design,methods/provenance
56,PAPER2_V2_SENSITIVITY_SUPPORT_RESULT_V1.json,static_place,audit,N,Outcome-blind source-sensitivity support rules identified testable lanes; Adelie ground-only was coverage-limited but nonblocking.,Paper2 observation robustness,methods/provenance
57,PAPER2_V2_SOURCE_SENSITIVITY_RECOVERY_RESULT_V1.json,static_place,preoutcome_gate_stop,D,V2 exclude-unknown recovery missed the frozen 90/100 rule (88/100); no threshold relaxation and outcomes remained locked.,Paper2 estimator validation,preoutcome stop/redesign
58,PAPER2_V3_PERMUTATION_INFERENCE_RESULT_V1.json,static_place,confirmatory_negative,C,"All three interaction estimates were negative, but the preregistered cross-species permutation test failed (p=0.0947); no Holm species rejection.",Paper2 static-place rule,primary bounded negative
59,PAPER2_V3_SOURCE_SENSITIVITY_RESULT_V1.json,static_place,preoutcome_gate_stop,D,V3 source-robustness gate failed Adelie exclude-unknown recovery (86/100); no threshold was relaxed and outcomes stayed locked.,Paper2 estimator validation,preoutcome stop/redesign
60,PAPER2_V4_SOURCE_GENERALITY_RESULT_V1.json,static_place,recovery_gate,N,Paper-level cross-species source robustness passed before outcome unlock while Adelie-specific limitation remained explicit.,Paper2 estimator validation,methods/provenance
61,SIGNY_BREEDING_PATCH_CONCENTRATION_RESULT_V1.json,within_island_configuration,prospective_replication,A,Prospectively frozen independent-system Adelie test replicated non-proportional concentration.,Signy Adelie concentration,main confirmatory evidence
62,SIGNY_CHINSTRAP_BREEDING_PATCH_CONCENTRATION_RESULT_V1.json,within_island_configuration,prospective_cross_species_replication,A,Separately frozen chinstrap test replicated concentration across species.,Signy chinstrap concentration,main confirmatory evidence
63,SIGNY_CONCENTRATION_QUALITY_AUDIT_V1.json,within_island_configuration,quality_audit,N,Post-result quality audit retained the frozen primary concentration result unchanged and forbade rescue exclusions.,Signy Adelie concentration,audit; no extra vote
64,SIGNY_CONCENTRATION_REPLICATION_RESULT_V2.json,within_island_configuration,prospective_replication_robustness,A,Earlier/strict Signy Adelie concentration replication passed all frozen error models; same independence group as the later Signy Adelie record.,Signy Adelie concentration,confirmatory robustness; do not double-count
65,SIGNY_PERFORMANCE_REDISTRIBUTION_REPLICATION_RESULT_V1.json,mechanism_trace,failed_replication,C,Palmer lag-2 performance-linked redistribution did not replicate under the frozen Signy primary design; transferability not established.,performance redistribution mechanism,critical negative replication
66,SIGNY_REPLICATION_SUPPORT_AUDIT_RESULT_V1.json,mechanism_trace,data_gate,N,Outcome-blind Signy support audit passed feasibility for the later redistribution replication; effect not yet computed in this record.,performance redistribution mechanism,methods/provenance
