source_order,source_file,evidence_class,story_layer,outcome,core_claim_unit,headline
1,AEI_VAT_SCHEMA_AUDIT_RESULT_V1.json,E_technical_quality_provenance,technical,audit,none,AEI/VAT schema and hierarchy verified; no demographic outcome.
2,ANTARCTIC_BREEDING_OPTIONS_ATLAS_GATE1_RESULT_V1.json,D_data_or_identifiability_gate,static_place,gate_pass,none,Ice-free/habitat proxy coverage passed; demographic outcomes remained unopened.
3,ANTARCTIC_BREEDING_OPTIONS_HIERARCHY_RESULT_V1.json,D_data_or_identifiability_gate,static_place,gate_pass,none,Tier-2 habitat-complex richness and mapped ice-free area chosen outcome-blind; no demographic outcome.
4,ANTARCTIC_TERRAIN_ATLAS_GATE1D_A_RESULT_V1.json,D_data_or_identifiability_gate,static_place,gate_pass,none,Terrain relief proxy chosen outcome-blind; no demographic outcome.
5,CONCENTRATION_DOMINANCE_DESCRIPTIVE_SUMMARY_V1.json,B_bounded_robust_or_exploratory,within_configuration,descriptive,none,Same concentration endpoint assembled by different dominance routes; no inferential p-values.
6,CONTRACTION_SCALING_LAW_SYNTHESIS_V1.json,B_bounded_robust_or_exploratory,within_configuration,mixed,none,Bounded post-hoc scaling: smooth abundance–E relation; threshold and formal ratchet rules not supported.
7,CONTRACTION_SCALING_RULES_EXPLORATION_SUMMARY_V1.json,B_bounded_robust_or_exploratory,within_configuration,mixed,none,Closed candidate-rule search rejects universal quarter-power and common collapse threshold; kappa remains descriptive.
8,EXPLORATORY_RESULT_V1.json,B_bounded_robust_or_exploratory,species_phenotype,supported_boundary,none,Assemblage island morphology is mainly compositional; within-Adelie fixed island phenotype is weak and cross-year transfer is approximately chance.
9,MAPPPD_MACRO_GEOGRAPHY_AUDIT_RESULT_V1.json,D_data_or_identifiability_gate,static_place,gate_pass,none,Broad geography exists but is unbalanced; no outcome model opened.
10,MAPPPD_MACRO_INVENTORY_RESULT_V1.json,D_data_or_identifiability_gate,static_place,gate_pass,none,Pygoscelis macro trend lane feasible; other penguin taxa fail support; no outcome model.
11,MAPPPD_OBSERVATION_METHOD_AUDIT_RESULT_V1.json,E_technical_quality_provenance,static_place,audit,none,Observation-method structure audited outcome-blind; no demographic inference.
12,PALMER_BREEDING_PATCH_CONCENTRATION_RESULT_V1.json,B_bounded_robust_or_exploratory,within_configuration,supported,discovery,Discovery: all three stable-roster Palmer islands concentrate beyond fixed-composition thinning under all frozen error models.
13,PALMER_COLONY_NETWORK_EROSION_RESULT_V1.json,B_bounded_robust_or_exploratory,mechanism_trace,superseded_positive,none,"N_eff gave a small positive LOYO gain and coefficient, but the predictive interpretation was later removed by year-block permutation."
14,PALMER_EXTERNAL_SPATIAL_TRIANGULATION_RESULT_V1.json,B_bounded_robust_or_exploratory,within_configuration,supported_boundary,none,Independent Torgersen mapping converges on spatial attrition; no colony-code crosswalk or causal validation.
15,PALMER_HIERARCHICAL_VARIABILITY_RESULT_V1.json,B_bounded_robust_or_exploratory,within_configuration,supported_boundary,none,"Observed variability reduction is larger within islands than among islands, but later count-error audit limits robustness."
16,PALMER_HIERARCHY_COMPONENT_COUNT_AUDIT_RESULT_V1.json,B_bounded_robust_or_exploratory,within_configuration,robustness,none,Post-hoc component-count normalization retains the hierarchy; diagnostic only.
17,PALMER_HIERARCHY_COUNT_ERROR_NULL_RESULT_V1.json,C_scope_limiting_negative,within_configuration,scope_limited,none,Raw hierarchy is unusual under Poisson/CV10 but not CV20; full error-family robustness is not supported.
18,PALMER_LARGE_BREEDING_GROUP_THRESHOLD_RESULT_V1.json,C_scope_limiting_negative,mechanism_trace,not_supported,none,Externally fixed >50-pair group metric fails the predicted positive direction despite held-out information.
19,PALMER_LTER_FIVE_ISLAND_SYNCHRONY_RESULT_V1.json,B_bounded_robust_or_exploratory,regional_direction,supported_context,none,Five islands share a dominant long-term decline component (PC1 about 96.4%) while annual growth synchrony is only moderate.
20,PALMER_MANUSCRIPT_FIGURE_PACKAGE_RESULT_V1.json,E_technical_quality_provenance,technical,reproducibility,none,Figure-data/package reproducibility receipt; no new ecological evidence.
21,PALMER_MARK_RESIGHT_DATA_AUDIT_RESULT_V1.json,D_data_or_identifiability_gate,data_limit,partial_gate,none,No qualifying public colony-scale Palmer resight table located; individual movement remains unidentified.
22,PALMER_NEFF_CIRCULAR_COUPLING_RESULT_V1.json,B_bounded_robust_or_exploratory,mechanism_trace,robustness,none,Positive N_eff coefficient remains unusual under coupled circular structured nulls; not a predictive claim.
23,PALMER_NEFF_CIRCULAR_SHIFT_RESULT_V1.json,B_bounded_robust_or_exploratory,mechanism_trace,robustness,none,N_eff association retained against independent and joint circular-shift nulls.
24,PALMER_NEFF_DEMOGRAPHIC_MOMENTUM_RESULT_V1.json,B_bounded_robust_or_exploratory,mechanism_trace,robustness,none,Positive N_eff association persists after lagged-growth controls; no robust out-of-year prediction or causality.
25,PALMER_NEFF_MECHANICAL_COUPLING_RESULT_V1.json,B_bounded_robust_or_exploratory,mechanism_trace,robustness,none,"Observed coefficient is unusual under same-census mechanical-coupling nulls, while predictive gain remains failed."
26,PALMER_NEFF_YEAR_BLOCK_PERMUTATION_RESULT_V1.json,C_scope_limiting_negative,mechanism_trace,not_supported,none,Held-out predictive gain is null-compatible; forecasting/predictive pillar is removed although coefficient remains unusual.
27,PALMER_NETWORK_STAGE2_RESULT_V1.json,B_bounded_robust_or_exploratory,regional_direction,supported_boundary,none,Adelie decline recurs across Palmer islands but local community endpoints differ; no uniform gentoo replacement.
28,PALMER_PERFORMANCE_MEMORY_RESULT_V1.json,B_bounded_robust_or_exploratory,mechanism_trace,mixed,none,"Short-term performance state persists and past performance adds information, but persistent environment and individual information use remain unresolved."
29,PALMER_PERFORMANCE_REDISTRIBUTION_LAGS_RESULT_V2.json,B_bounded_robust_or_exploratory,mechanism_trace,supported_nonconfirmatory,none,"Bias-resistant lag-2 performance-to-redistribution association survives fixed specification, but provenance repair occurred after coefficient exposure."
30,PALMER_PHENOTYPE_REASSEMBLY_RESULT_V1.json,B_bounded_robust_or_exploratory,species_phenotype,supported_boundary,none,"Within Adelie, fixed island morphology is weak and temporal reassembly dominates; no persistent island ecotype claim."
31,PALMER_REPRODUCTIVE_DENOMINATOR_AUDIT_RESULT_V1.json,C_scope_limiting_negative,mechanism_trace,not_supported,none,"No Palmer-wide positive density-dependence law, no general Allee-like reproductive mechanism, and no pre-extinction breeding collapse."
32,PALMER_SEAICE_HABITAT_MECHANISM_RESULT_V1.json,C_scope_limiting_negative,regional_direction,not_supported,none,Frozen annual sea-ice and sea-ice-by-habitat mechanisms do not explain island growth.
33,PALMER_SEAICE_TIMESCALE_SEPARATION_RESULT_V1.json,C_scope_limiting_negative,regional_direction,not_supported,none,Frozen 3/5/7-year low-frequency sea-ice rescue fails; long-term decline is not explained by this simple sea-ice formulation.
34,PALMER_WEATHER_X_HABITAT_MECHANISM_RESULT_V2.json,C_scope_limiting_negative,regional_direction,not_supported,none,Predeclared snowfall-by-snow-prone-habitat mechanism fails and worsens held-out prediction.
35,PALMER_WIN_STAY_LOSE_SWITCH_RESULT_V1.json,C_scope_limiting_negative,mechanism_trace,not_supported,none,"Redistribution is compatible with within-island switching, but the specific win-stay/lose-switch asymmetry is not supported."
36,PAPER2_A_BUFFERING_SECONDARY_RESULT_V1.json,C_scope_limiting_negative,static_place,not_supported,none,Simple area buffering is not supported in any species after frozen permutation/Holm inference.
37,PAPER2_BREEDING_SEASON_AUDIT_RESULT_V1.json,E_technical_quality_provenance,static_place,audit,none,Season field/window selected outcome-blind; no counts opened.
38,PAPER2_CROSS_SPECIES_GENERALITY_V4_RESULT_V1.json,D_data_or_identifiability_gate,static_place,recoverability_gate,none,Cross-species generality estimand is recoverable synthetically; real counts remain unopened at this gate.
39,PAPER2_DETECTABLE_EFFECT_RESULT_V1.json,C_scope_limiting_negative,static_place,scope_limited,none,Retrospective bound: common effects around absolute 0.5 should have been detectable; absolute 0.3 need not be. No equivalence claim.
40,PAPER2_FIRST_REAL_V3_FIT_RESULT_V1.json,B_bounded_robust_or_exploratory,static_place,descriptive_only,none,"All three A-by-H point estimates are negative, but this file contains point estimates only; frozen permutation inference is required."
41,PAPER2_FORCING_SCALE_SENSITIVITY_RESULT_V1.json,D_data_or_identifiability_gate,static_place,design_gate,none,Forcing-scale sensitivity design frozen; no demographic outcomes opened.
42,PAPER2_FORCING_SUPPORT_AUDIT_RESULT_V1.json,D_data_or_identifiability_gate,static_place,identifiability_gate,none,All species have identifiable forcing support under frozen coverage rules; no ecological effect yet.
43,PAPER2_H_MAIN_RECOVERY_V5_RESULT_V1.json,D_data_or_identifiability_gate,static_place,recoverability_gate,none,Main H effect recoverable in simulation; real counts remain unopened.
44,PAPER2_INTEGRATED_HIERARCHICAL_RECOVERY_RESULT_V2.json,D_data_or_identifiability_gate,static_place,recoverability_gate,none,Hierarchical core recoverable only after species-wide forcing selection; primary regional hierarchical gate fails.
45,PAPER2_INTEGRATED_RECOVERY_RESULT_V1.json,D_data_or_identifiability_gate,data_limit,failed_gate,none,Integrated synthetic recovery fails pre-outcome; counts correctly remain unopened.
46,PAPER2_INTEGRATED_SENSITIVITY_SUPPORT_RESULT_V1.json,D_data_or_identifiability_gate,static_place,support_gate,none,Exclude-unknown sensitivity is testable across species; ground-only Adelie is coverage-limited; no real outcomes.
47,PAPER2_LATENT_FACTOR_RECOVERY_RESULT_V1.json,D_data_or_identifiability_gate,static_place,recoverability_gate,none,"Latent forcing scale is recoverable by species, with gentoo regional factor rejected before outcomes; observation layer still pending."
48,PAPER2_OBSERVATION_OVERLAP_AUDIT_RESULT_V1.json,E_technical_quality_provenance,static_place,audit,none,Observation method and accuracy overlap audited and primary calibration structure frozen.
49,PAPER2_OBSERVATION_RECOVERY_RESULT_V1.json,D_data_or_identifiability_gate,static_place,recoverability_gate,none,Observation layer recoverable synthetically; no real demographic magnitudes opened.
50,PAPER2_OBSERVATION_TIMING_SENSITIVITY_RESULT_V1.json,B_bounded_robust_or_exploratory,static_place,robustness,none,Timing sensitivity does not reverse the focal interaction direction/crossover classification; no new inferential p-values.
51,PAPER2_PREDICTOR_IDENTIFIABILITY_AUDIT_RESULT_V1.json,E_technical_quality_provenance,static_place,audit,none,Predictor identifiability and primary crossover model structure frozen before real inference.
52,PAPER2_RADIUS_SIGN_SWITCH_NULL_RESULT_V1.json,C_scope_limiting_negative,static_place,not_supported,none,Observed radius sign-switch plus contrast has null probability 0.081; ecological scale-dependence language is not allowed.
53,PAPER2_SCALE_TRAIT_SENSITIVITY_RESULT_V1.json,C_scope_limiting_negative,static_place,scope_limited,none,A-by-H interaction direction is not invariant to spatial scale or trait metric; primary result is not a transferable rule.
54,PAPER2_SPATIAL_ADJUSTED_V3_RESULT_V1.json,D_data_or_identifiability_gate,static_place,recoverability_gate,none,Spatially adjusted core passes synthetic recovery; real counts remain unopened at this gate.
55,PAPER2_TEMPORAL_OVERLAP_AUDIT_RESULT_V1.json,E_technical_quality_provenance,static_place,audit,none,Common 1980-2025 trend window is structurally available; no demographic values opened.
56,PAPER2_V2_SENSITIVITY_SUPPORT_RESULT_V1.json,D_data_or_identifiability_gate,static_place,support_gate,none,Source sensitivities are structurally testable except ground-only Adelie; no real outcomes.
57,PAPER2_V2_SOURCE_SENSITIVITY_RECOVERY_RESULT_V1.json,D_data_or_identifiability_gate,data_limit,failed_gate,none,Exclude-unknown recovery fails; observation-source sensitivity gate remains incomplete and counts stay closed.
58,PAPER2_V3_PERMUTATION_INFERENCE_RESULT_V1.json,C_scope_limiting_negative,static_place,not_supported,none,Frozen primary permutation test does not reject; no species Holm rejection and no process-variance claim.
59,PAPER2_V3_SOURCE_SENSITIVITY_RESULT_V1.json,D_data_or_identifiability_gate,data_limit,failed_gate,none,Full source-sensitivity recovery fails pre-outcome; counts stay closed.
60,PAPER2_V4_SOURCE_GENERALITY_RESULT_V1.json,D_data_or_identifiability_gate,static_place,support_gate,none,Paper-level source robustness is synthetically recoverable despite Adelie exclude-unknown limitation; no real magnitudes opened.
61,SIGNY_BREEDING_PATCH_CONCENTRATION_RESULT_V1.json,A_confirmatory_replication,within_configuration,supported,replication,Prospectively frozen independent-system Adelie replication supports non-proportional concentration.
62,SIGNY_CHINSTRAP_BREEDING_PATCH_CONCENTRATION_RESULT_V1.json,A_confirmatory_replication,within_configuration,supported,replication,Prospectively frozen cross-species chinstrap replication supports non-proportional concentration.
63,SIGNY_CONCENTRATION_QUALITY_AUDIT_V1.json,E_technical_quality_provenance,within_configuration,quality_audit,none,Post-result quality audit retains the frozen Signy result unchanged; no outcome-dependent exclusion.
64,SIGNY_CONCENTRATION_REPLICATION_RESULT_V2.json,B_bounded_robust_or_exploratory,within_configuration,nested_robustness,none,Strict Signy Adelie roster/window concentration result passes all frozen error models; not an independent extra replication beyond the Signy family.
65,SIGNY_PERFORMANCE_REDISTRIBUTION_REPLICATION_RESULT_V1.json,C_scope_limiting_negative,mechanism_trace,not_supported,none,Prospective Signy lag-2 redistribution replication and lose-switch hinge both fail; mechanism transferability is not established.
66,SIGNY_REPLICATION_SUPPORT_AUDIT_RESULT_V1.json,D_data_or_identifiability_gate,data_limit,gate_pass,none,Outcome-blind support audit says Signy replication is feasible; effect was still unopened at this stage.
