species_id,region,site_id,first_count,last_count,delta_count,first_share,last_share,delta_share
ADPE,Victoria Land,BEAU,43992.95404156881,70468.00000000003,26475.04595843122,0.11340830081814458,0.13652884876196392,0.023120547943819333
ADPE,Victoria Land,BRDM,2885.000000000001,4342.999999999996,1457.9999999999955,0.00743716704159473,0.008414383694346493,0.0009772166527517627
ADPE,Victoria Land,BRDN,39730.00000000004,45571.99999999999,5841.999999999956,0.10241894161613824,0.08829387375518273,-0.014125067860955506
ADPE,Victoria Land,BRDS,15605.000000000005,16764.000000000015,1159.000000000009,0.04022772675358259,0.032479559809354096,-0.007748166944228495
ADPE,Victoria Land,CHAL,65404.196477525475,47168.999999999985,-18235.19647752549,0.1686037900951953,0.09138799550509553,-0.07721579459009976
ADPE,Victoria Land,CMID,5046.000000000002,9278.0,4231.999999999998,0.013007953168764994,0.01797574301546093,0.004967789846695936
ADPE,Victoria Land,CRZE,36167.99999999998,29799.999999999975,-6368.000000000004,0.093236553747105,0.05773627310419651,-0.03550028064290849
ADPE,Victoria Land,CRZW,144340.99999999988,250986.9999999998,106645.99999999991,0.37209293863113474,0.48627697911419365,0.11418404048305891
ADPE,Victoria Land,INEX,28379.03467228329,36116.99999999997,7737.96532771668,0.07315758105267914,0.06997520052698877,-0.0031823805256903648
ADPE,Victoria Land,ROYD,3950.340532022017,2944.0,-1006.3405320220172,0.010183480903927185,0.00570387879257566,-0.004479602111351524
ADPE,Victoria Land,WOOD,2414.9999999999986,2698.0000000000005,283.0000000000018,0.006225566171733538,0.00522726392064169,-0.0009983022510918482
GEPE,Central-west Antarctic Peninsula,BISC,2401.0000000000005,5195.340657403933,2794.3406574039323,0.1258146033429881,0.22342379625125408,0.09760919290826597
GEPE,Central-west Antarctic Peninsula,BRYE,559.9999999999998,701.3309179707601,141.3309179707603,0.029344513899239193,0.030160489264182872,0.0008159753649436795
GEPE,Central-west Antarctic Peninsula,CUVE,6468.0,9298.667525260751,2830.667525260751,0.3389291355362128,0.3998859238635839,0.060956788327371114
GEPE,Central-west Antarctic Peninsula,DAMO,2035.0306972145572,1707.2304404418712,-327.800256772686,0.10663747603534111,0.07341884415907073,-0.03321863187627039
GEPE,Central-west Antarctic Peninsula,DANC,3632.0000000000027,2710.0207895059903,-921.9792104940125,0.19032013300363726,0.11654349014599628,-0.07377664285764098
GEPE,Central-west Antarctic Peninsula,GEOR,2555.0,2101.0000000000027,-453.99999999999727,0.13388434466527888,0.09035276546397773,-0.04353157920130114
GEPE,Central-west Antarctic Peninsula,JOUG,1432.60455818215,1539.7100992484632,107.10554106631321,0.07506979351730275,0.06621469085193436,-0.008855102665368389
GEPE,South Shetland Islands,ARDL,4472.0,6463.9999999999945,1991.9999999999945,0.3754693084916513,0.33074089234547677,-0.04472841614617451
GEPE,South Shetland Islands,BART,1332.9999999999995,2176.0,843.0000000000005,0.11191873618501139,0.11133851821530912,-0.0005802179697022708
GEPE,South Shetland Islands,LLAN,2014.0000000000011,5318.999999999997,3304.9999999999964,0.16909552488868204,0.27215513712648387,0.10305961223780183
GEPE,South Shetland Islands,SHIR,1008.4275605510279,720.9999999999998,-287.42756055102814,0.08466762048837595,0.03689111747851004,-0.04777650300986591
GEPE,South Shetland Islands,STRA,3083.0000000000023,4863.999999999995,1780.9999999999932,0.25884880994627946,0.24887433483422014,-0.009974475112059317
