site_id,site_name,region,latitude,longitude,mapped_ice_free_area_ha_2000m,tier2_richness_2000m
ARDL,Ardley Island,South Shetland Islands,-62.213,-58.933,409.0,2.0
BART,Barton Peninsula,South Shetland Islands,-62.237,-58.775,547.0,4.0
BEAU,Beaufort Island,Victoria Land,-76.9694,166.8978,370.0,3.0
BISC,Biscoe Point,Central-west Antarctic Peninsula,-64.8114,-63.7775,187.0,3.0
BRDM,Cape Bird Middle,Victoria Land,-77.230393,166.4187,524.0,2.0
BRDN,Cape Bird North,Victoria Land,-77.214483,166.44589,193.0,2.0
BRDS,Cape Bird South,Victoria Land,-77.259444,166.379444,928.0,3.0
BRYE,Bryde Island East,Central-west Antarctic Peninsula,-64.889722,-62.927222,215.0,6.0
CHAL,Cape Hallett,Victoria Land,-72.3179,170.2142,282.0,2.0
CMID,Coulman Middle,Victoria Land,-73.4372,169.8854,303.0,6.0
CRZE,Cape Crozier (east),Victoria Land,-77.461774,169.2876,771.0,2.0
CRZW,Cape Crozier (west),Victoria Land,-77.4536,169.2377,614.0,3.0
CUVE,Cuverville Island,Central-west Antarctic Peninsula,-64.684,-62.626,158.0,6.0
DAMO,Dorian Bay/Damoy Point,Central-west Antarctic Peninsula,-64.8149,-63.4968,201.0,4.0
DANC,Danco Island,Central-west Antarctic Peninsula,-64.734,-62.5938,28.0,3.0
GEOR,Georges Point (Ronge Island),Central-west Antarctic Peninsula,-64.6694,-62.6696,113.0,7.0
INEX,Inexpressible Island,Victoria Land,-74.9009,163.7287,809.0,3.0
JOUG,Jougla Point,Central-west Antarctic Peninsula,-64.827,-63.4932,168.0,4.0
LLAN,Llano Point,South Shetland Islands,-62.176,-58.446,428.0,4.0
ROYD,Cape Royds,Victoria Land,-77.5545,166.1639,538.0,4.0
SHIR,Cape Shirreff,South Shetland Islands,-62.4575,-60.7874,329.0,2.0
STRA,Stranger Point,South Shetland Islands,-62.26,-58.6161,373.0,4.0
WOOD,Wood Bay (Edmonson Point),Victoria Land,-74.3299,165.1332,343.0,4.0
