site_id,site_name,species_ids,n_species,region,ccamlr_id,latitude,longitude,first_record_season,last_record_season,n_site_species_units,mapped_ice_free_area_ha_2000m
ADAR,Cape Adare,ADPE,1,Victoria Land,88.1,-71.3063,170.1999,1983,2023,1,541.0
ANNE,Cape Anne,ADPE,1,Victoria Land,88.1,-73.617,169.85,1986,2023,1,387.0
ARDL,Ardley Island,ADPE;CHPE;GEPE,3,South Shetland Islands,48.1,-62.213,-58.933,1980,2022,3,409.0
BART,Barton Peninsula,CHPE;GEPE,2,South Shetland Islands,48.1,-62.237,-58.775,1980,2019,2,547.0
BEAU,Beaufort Island,ADPE,1,Victoria Land,88.1,-76.9694,166.8978,1983,2013,1,370.0
BERT,Berthelot Islands (excl. Green Island),ADPE,1,Central-west Antarctic Peninsula,48.1,-65.333,-64.112,1982,2024,1,130.0
BISC,Biscoe Point,ADPE;GEPE,2,Central-west Antarctic Peninsula,48.1,-64.8114,-63.7775,1984,2025,2,187.0
BONG,Bongrain Point (Pourquoi Pas Island),ADPE,1,Southwest Antarctic Peninsula,48.1,-67.7233,-67.7319,1983,2025,1,341.0
BRDM,Cape Bird Middle,ADPE,1,Victoria Land,88.1,-77.230393,166.4187,1983,2024,1,524.0
BRDN,Cape Bird North,ADPE,1,Victoria Land,88.1,-77.214483,166.44589,1982,2024,1,193.0
BRDS,Cape Bird South,ADPE,1,Victoria Land,88.1,-77.259444,166.379444,1983,2024,1,928.0
BRYE,Bryde Island East,GEPE,1,Central-west Antarctic Peninsula,48.1,-64.889722,-62.927222,1985,2025,1,215.0
CHAL,Cape Hallett,ADPE,1,Victoria Land,88.1,-72.3179,170.2142,1981,2023,1,282.0
CIER,Cierva Point,GEPE,1,Central-west Antarctic Peninsula,48.1,-64.157,-60.96,1991,2014,1,250.0
CMID,Coulman Middle,ADPE,1,Victoria Land,88.1,-73.4372,169.8854,1983,2023,1,303.0
CNOR,Coulman North,ADPE,1,Victoria Land,88.1,-73.3822,169.8401,1983,2023,1,367.0
COTT,Cape Cotter,ADPE,1,Victoria Land,88.1,-72.4045,170.3122,1981,2023,1,500.0
CRZE,Cape Crozier (east),ADPE,1,Victoria Land,88.1,-77.461774,169.2876,1985,2024,1,771.0
CRZW,Cape Crozier (west),ADPE,1,Victoria Land,88.1,-77.4536,169.2377,1985,2024,1,614.0
CSOU,Coulman South,ADPE,1,Victoria Land,88.1,-73.5137,169.8779,1983,2023,1,414.0
CUVE,Cuverville Island,GEPE,1,Central-west Antarctic Peninsula,48.1,-64.684,-62.626,1988,2025,1,158.0
DAMO,Dorian Bay/Damoy Point,GEPE,1,Central-west Antarctic Peninsula,48.1,-64.8149,-63.4968,1982,2025,1,201.0
DANC,Danco Island,GEPE,1,Central-west Antarctic Peninsula,48.1,-64.734,-62.5938,1992,2025,1,28.0
DEMA,Demay Point,CHPE,1,South Shetland Islands,48.1,-62.2137,-58.4191,1980,2015,1,308.0
DOWN,Downshire Cliffs,ADPE,1,Victoria Land,88.1,-71.5582,170.592,1983,2023,1,594.0
DUKE,Duke of York Island,ADPE,1,Victoria Land,88.1,-71.6235,170.0635,1982,2023,1,635.0
DUPT,Duthiers Point,CHPE,1,Central-west Antarctic Peninsula,48.1,-64.8049,-62.8179,1988,2018,1,98.0
ECKE,Eckener Point,CHPE,1,Central-west Antarctic Peninsula,48.1,-64.4309,-61.6042,1986,2025,1,167.0
FARE,Farewell Rock,CHPE,1,Central-west Antarctic Peninsula,48.1,-63.8678,-61.0183,1985,2025,1,85.0
FISH,Fish Islands,ADPE,1,Southwest Antarctic Peninsula,48.1,-66.0275,-65.3611,1983,2025,1,27.0
FORT,Fort Point (Greenwich Island),CHPE,1,South Shetland Islands,48.1,-62.542,-59.58,1987,2023,1,132.0
FRAE,Franklin Island East,ADPE,1,Victoria Land,88.1,-76.1581,168.4101,1983,2010,1,0.0
FRAW,Franklin Island West,ADPE,1,Victoria Land,88.1,-76.1618,168.3383,1981,2010,1,0.0
GAST,Gaston Islands,CHPE,1,Central-west Antarctic Peninsula,48.1,-64.4848,-61.827,1986,2025,1,24.0
GEOR,Georges Point (Ronge Island),CHPE;GEPE,2,Central-west Antarctic Peninsula,48.1,-64.6694,-62.6696,1983,2025,2,113.0
GLAN,Glandaz Point,GEPE,1,Central-west Antarctic Peninsula,48.1,-65.0911,-63.9591,1982,2025,1,556.0
HALF,Half Moon Island,CHPE,1,South Shetland Islands,48.1,-62.596,-59.918,1987,2025,1,209.0
HANN,Hannah Point,CHPE,1,South Shetland Islands,48.1,-62.6545,-60.6134,1994,2013,1,214.0
HUMB,Humble Island,ADPE,1,Central-west Antarctic Peninsula,48.1,-64.7647,-64.0875,1980,2011,1,285.0
HUMP,Humphries Heights,GEPE,1,Central-west Antarctic Peninsula,48.1,-65.0557,-63.8637,1982,2025,1,544.0
HYDR,Hydrurga Rocks,CHPE,1,Central-west Antarctic Peninsula,48.1,-64.1454,-61.6259,1985,2025,1,43.0
HYDS,Hydrurga Rocks South,CHPE,1,Central-west Antarctic Peninsula,48.1,-64.15,-61.6262,1985,2025,1,41.0
INEX,Inexpressible Island,ADPE,1,Victoria Land,88.1,-74.9009,163.7287,1982,2023,1,809.0
JONE,Cape Jones,ADPE,1,Victoria Land,88.1,-73.2762,169.2272,1984,2023,1,98.0
JOUB,Joubin Islands,GEPE,1,Central-west Antarctic Peninsula,48.1,-64.7744,-64.3992,1982,2021,1,445.0
JOUG,Jougla Point,GEPE,1,Central-west Antarctic Peninsula,48.1,-64.827,-63.4932,1982,2025,1,168.0
LION,Lions Rump,ADPE;CHPE;GEPE,3,South Shetland Islands,48.1,-62.1331,-58.1229,1980,2023,3,301.0
LLAN,Llano Point,ADPE;CHPE;GEPE,3,South Shetland Islands,48.1,-62.176,-58.446,1980,2018,3,428.0
LOUB,Loubat Point,GEPE,1,Central-west Antarctic Peninsula,48.1,-65.0776,-63.9265,1982,2023,1,87.0
MAND,Mandible Cirque,ADPE,1,Victoria Land,88.1,-73.0995,169.4584,1987,2023,1,428.0
MIKK,Mikkelsen Harbor (Trinity Island),GEPE,1,Central-west Antarctic Peninsula,48.1,-63.9022,-60.791,1983,2025,1,264.0
NORF,Northern Foothills (Terra Nova Bay),ADPE,1,Victoria Land,88.1,-74.76755,164.022642,1984,2023,1,598.0
ONEI,O'Neill Point,GEPE,1,Central-west Antarctic Peninsula,48.1,-64.81622,-63.090132,1987,2025,1,44.0
ORNE,Orne Islands,CHPE;GEPE,2,Central-west Antarctic Peninsula,48.1,-64.662,-62.673,1983,2023,2,47.0
PALA,Palaver Point,CHPE,1,Central-west Antarctic Peninsula,48.1,-64.1486,-61.759,1985,2025,1,150.0
PAPT,Patelnia Point,CHPE,1,South Shetland Islands,48.1,-62.235,-58.472,1980,2015,1,387.0
PCHA,Port Charcot,ADPE;CHPE;GEPE,3,Central-west Antarctic Peninsula,48.1,-65.067,-64.026,1982,2025,3,258.0
PENG,Penguin Island,ADPE;CHPE,2,South Shetland Islands,48.1,-62.102,-57.9269,1980,2017,2,235.0
PEPO,Penguin Point (Seymour Island),ADPE,1,Northeast Antarctic Peninsula,48.1,-64.295,-56.691,1985,2014,1,629.0
PETE,Petermann Island,ADPE;CHPE;GEPE,3,Central-west Antarctic Peninsula,48.1,-65.176,-64.137,1982,2025,3,172.0
PGEO,Point Geologie,ADPE,1,Adelie Land,58.4.1,-66.6744,140.0052,1988,2017,1,150.0
PHIL,Cape Phillips,ADPE,1,Victoria Land,88.1,-73.0714,169.6168,1986,2023,1,258.0
PING,Pinguino Island,CHPE,1,Central-west Antarctic Peninsula,48.1,-64.1435,-60.9857,1983,2024,1,34.0
PLEN,Pleneau Island,GEPE,1,Central-west Antarctic Peninsula,48.1,-65.104,-64.0556,1982,2025,1,321.0
POSS,Possession Island,ADPE,1,Victoria Land,88.1,-71.8946,171.1692,1983,2013,1,290.0
PTHO,Point Thomas (Rakusa Point),ADPE,1,South Shetland Islands,48.1,-62.1631,-58.4615,1980,2018,1,487.0
RENI,Renier Point,CHPE,1,South Shetland Islands,48.1,-62.609,-59.81,1986,2024,1,129.0
RONE,Ronge Island East,GEPE,1,Central-west Antarctic Peninsula,48.1,-64.6884,-62.6436,1988,2025,1,227.0
ROYD,Cape Royds,ADPE,1,Victoria Land,88.1,-77.5545,166.1639,1980,2024,1,538.0
SHIR,Cape Shirreff,GEPE,1,South Shetland Islands,48.1,-62.4575,-60.7874,1987,2019,1,329.0
SKOT,Skottsberg Point,GEPE,1,Central-west Antarctic Peninsula,48.1,-63.9205,-60.8089,1986,2025,1,223.0
SPIG,Spigot Peak Ridge,CHPE,1,Central-west Antarctic Peninsula,48.1,-64.635,-62.554,1982,2025,1,359.0
SPIP,Spigot Peak Point,CHPE,1,Central-west Antarctic Peninsula,48.1,-64.625,-62.558,1992,2025,1,191.0
SPRI,Sprightly Islands Vicinity,CHPE,1,Central-west Antarctic Peninsula,48.1,-64.283,-61.072,1983,2024,1,30.0
STNK,Stinker Point,CHPE;GEPE,2,Elephant Island,48.1,-61.236,-55.359,1985,2019,2,8.0
STRA,Stranger Point,ADPE;CHPE;GEPE,3,South Shetland Islands,48.1,-62.26,-58.6161,1980,2019,3,373.0
SVEN,Sven Foyn Island,ADPE,1,Victoria Land,88.1,-71.956,171.0695,1981,2013,1,268.0
TETR,Tetrad Islands,CHPE,1,Central-west Antarctic Peninsula,48.1,-63.918,-60.734,1983,2025,1,98.0
TURR,Turret Point (King George Island),CHPE,1,South Shetland Islands,48.1,-62.0875,-57.9514,1980,2017,1,270.0
UCHA,Uchatka Point,CHPE,1,South Shetland Islands,48.1,-62.22,-58.439,1980,2015,1,574.0
USEF,Useful Island,CHPE;GEPE,2,Central-west Antarctic Peninsula,48.1,-64.717,-62.864,1983,2023,2,44.0
WATE,Waterboat Point,CHPE,1,Central-west Antarctic Peninsula,48.1,-64.8236,-62.8581,1989,2016,1,117.0
WEEK,Weeks Stack,CHPE,1,South Shetland Islands,48.1,-62.234,-59.057,1984,2018,1,135.0
WHEA,Cape Wheatstone,ADPE,1,Victoria Land,88.1,-72.6217,170.2024,1983,2023,1,357.0
WOOD,Wood Bay (Edmonson Point),ADPE,1,Victoria Land,88.1,-74.3299,165.1332,1981,2023,1,343.0
WPEC,Watson Peninsula (east coast),ADPE,1,South Orkney Islands,48.2,-60.6761,-44.5436,1983,2010,1,0.0
YALO,Yalour Islands,ADPE,1,Central-west Antarctic Peninsula,48.1,-65.2389,-64.1564,1982,2023,1,37.0
YANK,Yankee Harbor,GEPE,1,South Shetland Islands,48.1,-62.5257,-59.7687,1990,2025,1,290.0
