result_path,tier,story_layer,prospectivity,claim_weight,final_verdict,evidence_family
results/AEI_VAT_SCHEMA_AUDIT_RESULT_V1.json,D0,design,outcome-blind audit,none,AEI schema validated; no demographic outcome opened,schema/trait-source gate
results/ANTARCTIC_BREEDING_OPTIONS_ATLAS_GATE1_RESULT_V1.json,D0,static_place,outcome-blind audit,none,2-km breeding-option atlas passes coverage gate; ecological traits not yet linked to demography,Paper 2 design
results/ANTARCTIC_BREEDING_OPTIONS_HIERARCHY_RESULT_V1.json,D0,static_place,outcome-blind audit,none,Habitat-complex richness retained as primary heterogeneity trait; collinearity rules frozen,Paper 2 design
results/ANTARCTIC_TERRAIN_ATLAS_GATE1D_A_RESULT_V1.json,D0,static_place,outcome-blind audit,none,Terrain relief has complete coverage and is retained; no outcome opened,Paper 2 design
results/CONCENTRATION_DOMINANCE_DESCRIPTIVE_SUMMARY_V1.json,C2,local_configuration,post-hoc descriptive,secondary,"Same concentration endpoint arises by opposite routes: Palmer dominance turnover, Signy core retention",concentration mechanism boundary
results/CONTRACTION_SCALING_LAW_SYNTHESIS_V1.json,C2,local_configuration,bounded post-hoc closed,secondary,All five local trajectories have positive kappa; common descriptive kappa≈0.25; no common acceleration threshold; ratchet criterion fails,contraction-scaling-posthoc
results/CONTRACTION_SCALING_RULES_EXPLORATION_SUMMARY_V1.json,C2,local_configuration,bounded post-hoc summary,context,"Scaling direction is stable descriptively, but first-difference coupling is weak and predictors of kappa fail",contraction-scaling-posthoc
results/EXPLORATORY_RESULT_V1.json,C2,species_phenotype,exploratory,context,Assemblage island morphology is largely species composition; within-Adelie island phenotype is weak and non-transferable across years,phenotype-reassembly
results/MAPPPD_MACRO_GEOGRAPHY_AUDIT_RESULT_V1.json,D0,static_place,outcome-blind audit,none,Candidate MAPPPD sample is broad but geographically uneven; species and geography partly confounded,Paper 2 design
results/MAPPPD_MACRO_INVENTORY_RESULT_V1.json,D0,static_place,inventory audit,none,MAPPPD contains 152 candidate Pygoscelis site×species trend units; methods heterogeneous,Paper 2 design
results/MAPPPD_OBSERVATION_METHOD_AUDIT_RESULT_V1.json,D0,static_place,outcome-blind audit,none,Observation-method heterogeneity frozen before outcomes; use-all-records primary lane retained,Paper 2 design
results/PALMER_BREEDING_PATCH_CONCENTRATION_RESULT_V1.json,C2,local_configuration,discovery; post-hoc extension frozen before execution,primary_discovery,Palmer COR/HUM/LIT lose effective breeding components beyond proportional thinning and Poisson/CV10/CV20 count-error nulls,local concentration discovery
results/PALMER_COLONY_NETWORK_EROSION_RESULT_V1.json,C2,mechanism,frozen analysis; later reinterpreted,secondary,"N_eff has positive conditional next-year association, but its tiny held-out gain is later shown permutation-compatible",N_eff conditional association
results/PALMER_EXTERNAL_SPATIAL_TRIANGULATION_RESULT_V1.json,C2,local_configuration,external triangulation,secondary,Independent Torgersen mapping confirms strong non-random subcolony-footprint attrition; no code-to-polygon causal crosswalk,spatial triangulation
results/PALMER_HIERARCHICAL_VARIABILITY_RESULT_V1.json,C2,local_configuration,post-hoc hierarchy description,context,Observed temporal compensation is concentrated below island level; later count-error null limits robustness,hierarchical variability
results/PALMER_HIERARCHY_COMPONENT_COUNT_AUDIT_RESULT_V1.json,C2,local_configuration,post-hoc robustness,context,Within-island normalized excess beta exceeds among-island beta after component-count normalization,hierarchical variability
results/PALMER_HIERARCHY_COUNT_ERROR_NULL_RESULT_V1.json,C3,local_configuration,frozen error-null boundary,primary_negative,Raw hierarchy survives Poisson/CV10 but not CV20; detrended/growth ratios are null-compatible,hierarchical variability boundary
results/PALMER_LARGE_BREEDING_GROUP_THRESHOLD_RESULT_V1.json,C3,mechanism,externally fixed threshold test,secondary_negative,50-pair group metrics improve prediction but coefficients oppose the predicted protective direction; do not search thresholds,large-group mechanism rejected
results/PALMER_LTER_FIVE_ISLAND_SYNCHRONY_RESULT_V1.json,C2,regional,frozen descriptive synthesis,primary_context,Five islands share a same-sign long-term decline (PC1 96.4%) but only moderate annual synchrony; island fates diverge,regional direction
results/PALMER_MANUSCRIPT_FIGURE_PACKAGE_RESULT_V1.json,D0,design,reproducibility package,none,Figure package reproduces frozen numerical anchors,packaging
results/PALMER_MARK_RESIGHT_DATA_AUDIT_RESULT_V1.json,C4,data_limit,pre-analysis data audit,primary_stop,Public records lack individual ID→later breeding-location/state bridge; direct movement test cannot be run,individual-process stop
results/PALMER_NEFF_CIRCULAR_COUPLING_RESULT_V1.json,C2,mechanism,frozen structured-null robustness,secondary,N_eff coefficient remains unusual under serial-structure-preserving coupled count-error nulls; prediction remains unsupported,N_eff conditional association
results/PALMER_NEFF_CIRCULAR_SHIFT_RESULT_V1.json,C2,mechanism,frozen structured-null robustness,secondary,Conditional N_eff coefficient survives island-wise and joint circular-shift nulls; held-out prediction still fails,N_eff conditional association
results/PALMER_NEFF_DEMOGRAPHIC_MOMENTUM_RESULT_V1.json,C2,mechanism,frozen robustness,secondary,"N_eff association persists after one/two lagged growth terms, while incremental predictive gain becomes smaller",N_eff conditional association
results/PALMER_NEFF_MECHANICAL_COUPLING_RESULT_V1.json,C2,mechanism,frozen count-error diagnostic,secondary,Shared census denominator/error cannot generate observed-scale positive N_eff coefficient under frozen error sensitivities,N_eff conditional association
results/PALMER_NEFF_YEAR_BLOCK_PERMUTATION_RESULT_V1.json,C3,mechanism,frozen permutation test,primary_negative,Held-out N_eff prediction gain is null-compatible (p=0.262); only the conditional coefficient survives,N_eff prediction boundary
results/PALMER_NETWORK_STAGE2_RESULT_V1.json,C2,regional,bounded local-network extension,context,"Local endpoints are heterogeneous: Litchfield extinction, persistence elsewhere, Biscoe Adelie→gentoo replacement; six-island community reassembly not estimable",local endpoint heterogeneity
results/PALMER_PERFORMANCE_MEMORY_RESULT_V1.json,C2,mechanism,exploratory/secondary,secondary,"Relative reproductive performance shows weak 1–2 year memory and a bridge to later redistribution, but mechanism remains unidentified",performance-memory
results/PALMER_PERFORMANCE_REDISTRIBUTION_LAGS_RESULT_V2.json,C2,mechanism,post-exposure provenance repair; bounded,secondary,Performance predicts redistribution through lag 2–3; delayed 4–5 year recruitment echo is strongly unsupported,performance-redistribution
results/PALMER_PHENOTYPE_REASSEMBLY_RESULT_V1.json,C2,species_phenotype,post-outcome exploratory extension,secondary,Species sorting dominates assemblage phenotype; within-Adelie island morphology is weak and temporally reassembled,phenotype-reassembly
results/PALMER_REPRODUCTIVE_DENOMINATOR_AUDIT_RESULT_V1.json,C3,mechanism,measurement/robustness audit,secondary_negative,"No Palmer-wide positive density-dependent reproductive law, no pre-extinction reproductive collapse; pooled size signal is island-dependent",reproductive mechanism boundary
results/PALMER_SEAICE_HABITAT_MECHANISM_RESULT_V1.json,C3,regional,prospectively bounded mechanism test,primary_negative,Simple positive annual sea-ice-duration effect and sea-ice×habitat moderation both fail frozen direction/validation rules,regional mechanism boundary
results/PALMER_SEAICE_TIMESCALE_SEPARATION_RESULT_V1.json,C3,regional,prospectively bounded low-frequency test,primary_negative,3/5/7-year sea-ice-duration rescue fails; common decline is not explained by simple smoothed duration effect,regional mechanism boundary
results/PALMER_WEATHER_X_HABITAT_MECHANISM_RESULT_V2.json,C3,regional,prospectively bounded mechanism test,primary_negative,October snowfall×snow-prone-habitat prediction fails and worsens held-out prediction,regional mechanism boundary
results/PALMER_WIN_STAY_LOSE_SWITCH_RESULT_V1.json,C3,mechanism,predeclared mechanism decomposition,secondary_negative,Specific win-stay/lose-switch asymmetry is unsupported; island closure is inconclusive; only a broad redistribution-compatible process survives,performance mechanism boundary
results/PAPER2_A_BUFFERING_SECONDARY_RESULT_V1.json,C3,static_place,predeclared secondary inference,secondary_negative,All A-only point estimates are negative but none passes Holm-adjusted permutation inference; simple breeding-space buffering unsupported,Paper 2 negative
results/PAPER2_BREEDING_SEASON_AUDIT_RESULT_V1.json,D0,design,outcome-blind audit,none,Breeding-season time axis/window frozen before counts,Paper 2 design
results/PAPER2_CROSS_SPECIES_GENERALITY_V4_RESULT_V1.json,D0,design,synthetic recovery,none,Cross-species median interaction estimand is recoverable and not spuriously reproduced by single-species effects,Paper 2 recovery
results/PAPER2_DETECTABLE_EFFECT_RESULT_V1.json,C3,static_place,retrospective operating-characteristic boundary,secondary_negative,"Design would usually detect |common interaction|≈0.50–0.55, but is weak for ≈0.30; null result bounds only large common effects",Paper 2 detectable-effect boundary
results/PAPER2_FIRST_REAL_V3_FIT_RESULT_V1.json,D0,static_place,interim real-outcome receipt,none,All three species have negative interaction point estimates; inference explicitly deferred to frozen permutation test,Paper 2 interim
results/PAPER2_FORCING_SCALE_SENSITIVITY_RESULT_V1.json,D0,design,outcome-blind sensitivity rule,none,Forcing-scale robustness rule frozen; no real outcome inference,Paper 2 design
results/PAPER2_FORCING_SUPPORT_AUDIT_RESULT_V1.json,D0,design,outcome-blind audit,none,Eligible shared-forcing groups and exclusions frozen before counts,Paper 2 design
results/PAPER2_H_MAIN_RECOVERY_V5_RESULT_V1.json,D0,design,synthetic recovery,none,Habitat-complex main effect is recoverable under frozen estimator; does not itself support ecology,Paper 2 recovery
results/PAPER2_INTEGRATED_HIERARCHICAL_RECOVERY_RESULT_V2.json,D0,design,synthetic recovery,none,Hierarchical estimator passes only species-wide forcing gate across all species; real counts remained locked,Paper 2 recovery
results/PAPER2_INTEGRATED_RECOVERY_RESULT_V1.json,D0,design,synthetic recovery failure,none,Initial integrated recovery gate fails; later hierarchical redesign supersedes it,Paper 2 superseded recovery
results/PAPER2_INTEGRATED_SENSITIVITY_SUPPORT_RESULT_V1.json,D0,design,outcome-blind support audit,none,Exclude-unknown sensitivity testable for all species; ground-only Adelie coverage-limited,Paper 2 design
results/PAPER2_LATENT_FACTOR_RECOVERY_RESULT_V1.json,D0,design,synthetic recovery,none,Latent shared forcing and interaction are recoverable under selected scales; real counts still locked,Paper 2 recovery
results/PAPER2_OBSERVATION_OVERLAP_AUDIT_RESULT_V1.json,D0,design,outcome-blind audit,none,Observation calibration structure fixed from metadata overlap only,Paper 2 design
results/PAPER2_OBSERVATION_RECOVERY_RESULT_V1.json,D0,design,synthetic recovery,none,Observation offset/variance layer recoverable before real counts,Paper 2 recovery
results/PAPER2_OBSERVATION_TIMING_SENSITIVITY_RESULT_V1.json,C2,static_place,post-primary frozen sensitivity,context,Exact-date and ≤14-day calibration leave negative interaction direction essentially unchanged; no new inferential p-values,Paper 2 robustness
results/PAPER2_PREDICTOR_IDENTIFIABILITY_AUDIT_RESULT_V1.json,D0,design,outcome-blind audit,none,A×H crossover is structurally estimable in all three species before outcomes,Paper 2 design
results/PAPER2_RADIUS_SIGN_SWITCH_NULL_RESULT_V1.json,C3,static_place,frozen sensitivity-null test,secondary_negative,2→5 km sign reversal is not rare under null; cannot claim biological scale dependence,Paper 2 scale boundary
results/PAPER2_SCALE_TRAIT_SENSITIVITY_RESULT_V1.json,C3,static_place,prespecified sensitivity,secondary_negative,Interaction weakens at 1 km and reverses at 5 km; primary 2-km effect is scale-dependent and non-confirmatory,Paper 2 scale boundary
results/PAPER2_SPATIAL_ADJUSTED_V3_RESULT_V1.json,D0,design,synthetic recovery,none,Spatially adjusted species-wide estimator passes recovery in all species before outcomes,Paper 2 recovery
results/PAPER2_TEMPORAL_OVERLAP_AUDIT_RESULT_V1.json,D0,design,outcome-blind audit,none,1980–2025 analysis window frozen from observation availability only,Paper 2 design
results/PAPER2_V2_SENSITIVITY_SUPPORT_RESULT_V1.json,D0,design,outcome-blind support audit,none,Observation-source sensitivity support sizes determined before outcomes,Paper 2 design
results/PAPER2_V2_SOURCE_SENSITIVITY_RECOVERY_RESULT_V1.json,D0,design,synthetic recovery failure; superseded,none,V2 source-sensitivity gate narrowly fails Adelie; thresholds not relaxed and estimator redesigned,Paper 2 superseded recovery
results/PAPER2_V3_PERMUTATION_INFERENCE_RESULT_V1.json,C3,static_place,predeclared primary permutation inference,primary_negative,Cross-species interaction does not reject null (p=0.0947); no species survives Holm; only suggestive direction remains,Paper 2 primary negative
results/PAPER2_V3_SOURCE_SENSITIVITY_RESULT_V1.json,D0,design,synthetic recovery failure,none,V3 source-robustness gate fails Adelie recovery threshold; no threshold rescue,Paper 2 recovery boundary
results/PAPER2_V4_SOURCE_GENERALITY_RESULT_V1.json,D0,design,synthetic recovery,none,Paper-level source-robustness estimand is recoverable; does not convert real outcome to confirmation,Paper 2 recovery
results/SIGNY_BREEDING_PATCH_CONCENTRATION_RESULT_V1.json,C1,replication,prospectively frozen after Palmer discovery,primary_confirmatory,Independent Signy Adelie system replicates concentration beyond proportional thinning under all frozen error models,Signy Adelie confirmation
results/SIGNY_CHINSTRAP_BREEDING_PATCH_CONCENTRATION_RESULT_V1.json,C1,replication,prospectively frozen cross-species test,primary_confirmatory,Signy chinstrap independently replicates concentration direction and null rejection across species,Signy chinstrap confirmation
results/SIGNY_CONCENTRATION_QUALITY_AUDIT_V1.json,D0,replication,post-result quality audit,none,Comment flags do not justify post-outcome season exclusions; frozen Signy result retained unchanged,Signy QA
results/SIGNY_CONCENTRATION_REPLICATION_RESULT_V2.json,C2,replication,earlier frozen strict-epoch replication/robustness,secondary,"Strict 1998–2009 Signy Adelie roster also supports concentration; same dataset, so not an independent extra replicate",Signy Adelie confirmation
results/SIGNY_PERFORMANCE_REDISTRIBUTION_REPLICATION_RESULT_V1.json,C3,replication,prospectively frozen independent replication,primary_negative,Palmer lag-2 performance→redistribution effect fails primary Signy replication (p=0.279); sensitivity cannot rescue it,performance mechanism boundary
results/SIGNY_REPLICATION_SUPPORT_AUDIT_RESULT_V1.json,D0,replication,outcome-blind support audit,none,Signy performance-replication support gate passes; effect not computed in this receipt,Signy design
