year,Cape Royds,Cape Bird South,Cape Bird Middle,Cape Bird North,Cape Crozier West,Cape Crozier East
1985,3214,14220,2715,36599,140288,27378
1986,3506,15844,3228,40149,151540,28357
1987,3915,15605,2885,39730,144341,36168
1988,3604,12765,2648,33247,113199,18495
1989,2817,12079,2392,27505,116343,19966
1990,2651,8944,1609,22908,93032,16124
1991,3101,9499,2008,24906,100540,17680
1992,3627,11693,2501,28905,114415,20023
1993,3297,6658,1438,14928,101545,19912
1994,3472,9292,1875,21914,105103,15880
1995,3751,9663,2490,24565,98430,17341
1996,3378,7682,2299,23305,99532,18143
1997,3933,11599,3212,32697,132981,20415
1998,3411,10180,2632,25440,107672,17769
1999,3620,11664,3333,32353,139386,17055
2001,1367,7149,1834,17334,59170,7944
2002,2239,7636,2357,30685,147224,13855
2003,1963,5684,1886,15246,91346,9497
2004,2036,7673,2674,26426,157717,24775
2005,2459,13765,3965,39979,170246,24203
2006,2607,11988,3261,35077,184293,21374
2007,2654,12516,3443,34636,176342,21648
2009,2609,16716,4333,46073,250453,32062
2010,2513,15785,4518,48222,245708,33220
2011,2887,14481,2534,42860,248511,27786
2012,3083,20083,4912,50701,242193,30147
