system,species,population,year,breeding_pairs,neff,abundance_index_first100,neff_index_first100
Palmer Archipelago,Adelie,Cormorant,1991,681.0,3.535167892670656,100.0,100.0
Palmer Archipelago,Adelie,Cormorant,1992,673.0,3.6282793812533547,98.82525697503671,102.63386326787318
Palmer Archipelago,Adelie,Cormorant,1993,661.0,3.706898453341478,97.06314243759178,104.85777665685596
Palmer Archipelago,Adelie,Cormorant,1994,617.0,3.578879581840915,90.60205580029368,101.2364812788916
Palmer Archipelago,Adelie,Cormorant,1995,619.0,3.558693774438325,90.8957415565345,100.66548131466243
Palmer Archipelago,Adelie,Cormorant,1996,546.0,3.5102204220045214,80.1762114537445,99.29430591633688
Palmer Archipelago,Adelie,Cormorant,1997,492.0,3.6882008776206727,72.2466960352423,104.3288745993449
Palmer Archipelago,Adelie,Cormorant,1998,471.0,3.1919109077567227,69.16299559471365,90.29022113417594
Palmer Archipelago,Adelie,Cormorant,1999,438.0,3.5318678890975366,64.31718061674009,99.90665214005928
Palmer Archipelago,Adelie,Cormorant,2000,447.0,3.1453600944510036,65.63876651982379,88.97342898401438
Palmer Archipelago,Adelie,Cormorant,2001,274.0,3.096172880237545,40.23494860499266,87.58206043500043
Palmer Archipelago,Adelie,Cormorant,2002,322.0,3.575556934961032,47.28340675477239,101.14249290321156
Palmer Archipelago,Adelie,Cormorant,2003,288.0,3.437380853709076,42.290748898678416,97.23387850505435
Palmer Archipelago,Adelie,Cormorant,2004,224.0,3.6438634713144515,32.8928046989721,103.07469353489974
Palmer Archipelago,Adelie,Cormorant,2005,166.0,3.7634526085768916,24.375917767988252,106.45753533741723
Palmer Archipelago,Adelie,Cormorant,2006,134.0,3.5926370548219286,19.676945668135094,101.62564166387745
Palmer Archipelago,Adelie,Cormorant,2007,94.0,3.279881217520416,13.80323054331865,92.77865485032501
Palmer Archipelago,Adelie,Cormorant,2008,88.0,3.447907390917186,12.922173274596181,97.53164476475405
Palmer Archipelago,Adelie,Cormorant,2009,78.0,3.1523316062176168,11.45374449339207,89.17063352926573
Palmer Archipelago,Adelie,Cormorant,2010,59.0,2.6797536566589684,8.66372980910426,75.80272671673701
Palmer Archipelago,Adelie,Cormorant,2011,56.0,2.8252252252252252,8.223201174743025,79.91771002114692
Palmer Archipelago,Adelie,Cormorant,2012,53.0,2.78394449950446,7.782672540381792,78.74999389070935
Palmer Archipelago,Adelie,Cormorant,2013,53.0,2.9978655282817503,7.782672540381792,84.80122074250345
Palmer Archipelago,Adelie,Cormorant,2014,39.0,2.9649122807017543,5.726872246696035,83.86906564887079
Palmer Archipelago,Adelie,Cormorant,2015,38.0,2.995850622406639,5.580029368575624,84.74422469772468
Palmer Archipelago,Adelie,Cormorant,2016,30.0,2.9411764705882355,4.405286343612334,83.19764604917569
Palmer Archipelago,Adelie,Cormorant,2017,23.0,2.8594594594594596,3.3773861967694567,80.88610064002562
Palmer Archipelago,Adelie,Humble,1991,1085.0,4.624639076034649,100.0,100.0
Palmer Archipelago,Adelie,Humble,1992,1054.0,4.7203521623482025,97.14285714285714,102.06963364578111
Palmer Archipelago,Adelie,Humble,1993,1048.0,4.747410826979269,96.58986175115207,102.65473151366203
Palmer Archipelago,Adelie,Humble,1994,976.0,4.559612475827605,89.95391705069125,98.59390972705268
Palmer Archipelago,Adelie,Humble,1995,897.0,4.419787197811554,82.67281105990783,95.57042452708022
Palmer Archipelago,Adelie,Humble,1996,705.0,4.244557930604541,64.97695852534562,91.78138792712005
Palmer Archipelago,Adelie,Humble,1997,727.0,4.189919377214748,67.00460829493088,90.5999216009599
Palmer Archipelago,Adelie,Humble,1998,654.0,3.9832740412374976,60.276497695852534,86.13156563674839
Palmer Archipelago,Adelie,Humble,1999,605.0,3.984986554310786,55.76036866359447,86.16859583618951
Palmer Archipelago,Adelie,Humble,2000,571.0,3.9402153552394648,52.62672811059908,85.20049436199383
Palmer Archipelago,Adelie,Humble,2001,311.0,3.746987951807229,28.663594470046082,81.0222785000564
Palmer Archipelago,Adelie,Humble,2002,403.0,3.6377869862246612,37.142857142857146,78.66099227237092
Palmer Archipelago,Adelie,Humble,2003,418.0,3.414311955289796,38.525345622119815,73.828722612822
Palmer Archipelago,Adelie,Humble,2004,377.0,3.5666892519260207,34.74654377880184,77.12362399065837
Palmer Archipelago,Adelie,Humble,2005,285.0,3.240057441461566,26.267281105990783,70.0607634064218
Palmer Archipelago,Adelie,Humble,2006,188.0,3.4869771112865036,17.327188940092167,75.39998373832834
Palmer Archipelago,Adelie,Humble,2007,178.0,3.1228070175438596,16.40552995391705,67.52542125344578
Palmer Archipelago,Adelie,Humble,2008,139.0,3.022211794149851,12.811059907834101,65.35021964873455
Palmer Archipelago,Adelie,Humble,2009,138.0,3.206060606060606,12.71889400921659,69.3256393277205
Palmer Archipelago,Adelie,Humble,2010,114.0,3.3136155022947476,10.506912442396313,71.65133208916217
Palmer Archipelago,Adelie,Humble,2011,114.0,2.8437636761487965,10.506912442396313,61.491580843259094
Palmer Archipelago,Adelie,Humble,2012,114.0,3.0840056953013764,10.506912442396313,66.68640827092882
Palmer Archipelago,Adelie,Humble,2013,118.0,2.880430285477865,10.87557603686636,62.28443426870971
Palmer Archipelago,Adelie,Humble,2014,102.0,3.181651376146789,9.400921658986174,68.79783100554658
Palmer Archipelago,Adelie,Humble,2015,89.0,2.67150084317032,8.202764976958525,57.766688367408165
Palmer Archipelago,Adelie,Humble,2016,80.0,2.5098039215686274,7.373271889400922,54.27026585868478
Palmer Archipelago,Adelie,Humble,2017,68.0,2.2845849802371543,6.267281105990784,49.40028708566916
Palmer Archipelago,Adelie,Litchfield,1991,497.0,5.78299346803081,100.0,100.0
Palmer Archipelago,Adelie,Litchfield,1992,496.0,5.847777513667697,99.79879275653923,101.12025106019955
Palmer Archipelago,Adelie,Litchfield,1993,485.0,5.491676978030958,97.58551307847083,94.96253122867438
Palmer Archipelago,Adelie,Litchfield,1994,425.0,5.55547011964445,85.51307847082495,96.06564749477687
Palmer Archipelago,Adelie,Litchfield,1995,410.0,5.497056899934598,82.49496981891348,95.05556128193972
Palmer Archipelago,Adelie,Litchfield,1996,346.0,5.390670028818444,69.61770623742454,93.21591073237096
Palmer Archipelago,Adelie,Litchfield,1997,365.0,5.108124688470534,73.44064386317908,88.33011340422492
Palmer Archipelago,Adelie,Litchfield,1998,325.0,4.740160660593277,65.3923541247485,81.96724908643841
Palmer Archipelago,Adelie,Litchfield,1999,301.0,4.725940222210631,60.563380281690144,81.72134809309891
Palmer Archipelago,Adelie,Litchfield,2000,274.0,4.374548420929962,55.1307847082495,75.64505208441047
Palmer Archipelago,Adelie,Litchfield,2001,166.0,3.570355014252397,33.40040241448692,61.738873370509836
Palmer Archipelago,Adelie,Litchfield,2002,143.0,3.2546554193856436,28.772635814889338,56.279769938835834
Palmer Archipelago,Adelie,Litchfield,2003,52.0,1.2103849597135183,10.462776659959758,20.930076549536054
Palmer Archipelago,Adelie,Litchfield,2004,33.0,1.0,6.639839034205232,17.292082474727643
Palmer Archipelago,Adelie,Litchfield,2005,15.0,1.0,3.0181086519114686,17.292082474727643
Palmer Archipelago,Adelie,Litchfield,2006,4.0,1.0,0.8048289738430584,17.292082474727643
Signy Island,Adelie,Signy Adelie,1996,2342.0,3.080744685750746,100.0,100.0
Signy Island,Adelie,Signy Adelie,1998,2381.0,2.929431084365116,101.66524338172502,95.088408264226
Signy Island,Adelie,Signy Adelie,1999,1142.0,2.8438437652641126,48.76174210076857,92.31027090357851
Signy Island,Adelie,Signy Adelie,2000,1782.0,2.787038678591176,76.08881298035867,90.46639572185137
Signy Island,Adelie,Signy Adelie,2001,1745.0,3.12361836159612,74.50896669513237,101.39166598399655
Signy Island,Adelie,Signy Adelie,2002,2197.0,2.7952285234621437,93.80871050384287,90.73223550107254
Signy Island,Adelie,Signy Adelie,2003,1439.0,2.793518864526434,61.44321093082835,90.67674051170788
Signy Island,Adelie,Signy Adelie,2004,1476.0,2.6702489367178597,63.02305721605465,86.67543756769143
Signy Island,Adelie,Signy Adelie,2005,1528.0,2.582982819085971,65.24338172502135,83.84280693667819
Signy Island,Adelie,Signy Adelie,2006,1661.0,2.6370547871226986,70.92228864218616,85.59796595023826
Signy Island,Adelie,Signy Adelie,2007,1286.0,2.5712722060007898,54.91033304867634,83.46268413262545
Signy Island,Adelie,Signy Adelie,2008,1465.0,2.445285912368591,62.5533731853117,79.37320881145007
Signy Island,Adelie,Signy Adelie,2009,900.0,2.5336886753500245,38.42869342442357,82.24273459170442
Signy Island,Adelie,Signy Adelie,2011,1659.0,2.5556564590129227,70.83689154568745,82.95580191482617
Signy Island,Adelie,Signy Adelie,2012,1040.0,2.0849477413708684,44.4064901793339,67.67674552890733
Signy Island,Adelie,Signy Adelie,2013,1430.0,2.188847357626981,61.05892399658411,71.0492942745621
Signy Island,Adelie,Signy Adelie,2014,1534.0,2.485225873362215,65.49957301451751,80.66964733744531
Signy Island,Adelie,Signy Adelie,2015,1825.0,2.3342846269595023,77.92485055508112,75.77014212687544
Signy Island,Adelie,Signy Adelie,2016,897.0,2.267980009527326,38.30059777967549,73.61791517542268
Signy Island,Adelie,Signy Adelie,2017,1217.0,2.153393535555029,51.96413321947054,69.89847440182369
Signy Island,Adelie,Signy Adelie,2018,1307.0,2.055444388961418,55.807002561912896,66.71907602302743
Signy Island,Adelie,Signy Adelie,2019,1217.0,1.936162758624296,51.96413321947054,62.84723195594746
Signy Island,Chinstrap,Signy chinstrap,1996,1642.0,4.437881665882074,100.0,100.0
Signy Island,Chinstrap,Signy chinstrap,1998,1787.0,4.141063895729348,108.83069427527406,93.31172409497472
Signy Island,Chinstrap,Signy chinstrap,1999,1403.0,4.470212722470642,85.44457978075518,100.72852453090684
Signy Island,Chinstrap,Signy chinstrap,2000,1579.0,3.814564014375523,96.163215590743,85.95461306914635
Signy Island,Chinstrap,Signy chinstrap,2001,1739.0,3.567783402684461,105.9074299634592,80.3938381258151
Signy Island,Chinstrap,Signy chinstrap,2002,1747.0,3.5957386146079395,106.394640682095,81.02376055340922
Signy Island,Chinstrap,Signy chinstrap,2003,1797.0,3.3997721699965573,109.43970767356882,76.60799511923936
Signy Island,Chinstrap,Signy chinstrap,2004,1785.0,3.5456590999380166,108.7088915956151,79.89530516770282
Signy Island,Chinstrap,Signy chinstrap,2005,1558.0,3.518653168197421,94.884287454324,79.28677312981154
Signy Island,Chinstrap,Signy chinstrap,2006,1526.0,3.1362217343874157,92.93544457978075,70.66934115207103
Signy Island,Chinstrap,Signy chinstrap,2007,1508.0,3.3347371878721046,91.83922046285018,75.14254409956855
Signy Island,Chinstrap,Signy chinstrap,2008,1558.0,3.2211099020674645,94.884287454324,72.5821494257269
Signy Island,Chinstrap,Signy chinstrap,2009,1158.0,3.0832428952451028,70.5237515225335,69.47555449593713
Signy Island,Chinstrap,Signy chinstrap,2011,1464.0,3.3657392140050693,89.15956151035323,75.84112122413013
Signy Island,Chinstrap,Signy chinstrap,2012,945.0,3.442563230753218,57.55176613885506,77.57221778172342
Signy Island,Chinstrap,Signy chinstrap,2013,984.0,3.202158901500119,59.92691839220463,72.15512135255769
Signy Island,Chinstrap,Signy chinstrap,2014,1052.0,2.9951555894754507,64.06820950060902,67.49065916970847
Signy Island,Chinstrap,Signy chinstrap,2015,992.0,3.0126129656388527,60.41412911084044,67.88403099612763
Signy Island,Chinstrap,Signy chinstrap,2016,789.0,2.748036709883328,48.05115712545676,61.92226194334832
Signy Island,Chinstrap,Signy chinstrap,2017,640.0,2.5473270479365158,38.9768574908648,57.39961629711929
Signy Island,Chinstrap,Signy chinstrap,2018,657.0,2.8253902798232695,40.012180267965896,63.66529106768544
Signy Island,Chinstrap,Signy chinstrap,2019,581.0,2.1910297601661637,35.3836784409257,49.37107217190016
